Item Number,Description,Cost,
1,Hammer,£10,
2,Saw,£8,
1,Hammer,£10,
2,Saw,£8,
3,Drill,£15,
4,Nails,£0.05,
4,Nails,£0.05,
5,Screwdriver,£3,
5,Screwdriver,£3,
6,Screws,£0.10,
3,Drill,£16,
5,Screwdriver,£3,
6,Screws,£0.10,
1,Saw,£8,
7,Staples,£0.01,
8,Stapler,£5,
