Order Number,Item Number,Quantity,Total,
1,1,1,£18,
1,2,1,£18,
2,1,1,£10,
3,2,1,£23,
3,3,1,£23,
4,4,50,£2.50,
5,4,100,£5,
7,5,1,£7,
7,5,1,£7,
7,6,10,£7,
9,3,1,£16,
10,5,1,£4,
10,6,20,£4,
11,1,1,£14,
11,7,100,£14,
11,8,1,£14,
